 10x10bet  , 1xBet  , bet-at-home  , bet365  , Coolbet  , GGBET  , Marathonbet  , Pinnacle  , Unibet  , William Hill  
-175,-167,-192,-200,-182,-182,-189,-147,-213,-189
+125,+146,+154,+150,+147,+138,+154,+121,+154,+138
92.5%,96.9%,95.2%,93.8%,95.2%,93.9%,95.5%,95.4%,93.2%,93.1%
,,,,,,,,,
 10x10bet  , 1xBet  , bet-at-home  , bet365  , Coolbet  , GGBET  , Marathonbet  , Pinnacle  , Unibet  , William Hill  
-172,-123,-152,-175,-143,-133,-133,-137,-167,-143
+123,+110,+123,+125,+114,+102,+108,+112,+125,+104
92.5%,97.2%,95.2%,92.5%,94.9%,94.0%,95.0%,95.5%,93.5%,-
,,,,,,,,,
 10x10bet  , 1xBet  , bet-at-home  , bet365  , Coolbet  , GGBET  , Marathonbet  , Pinnacle  , Unibet  , William Hill  
-175,-167,-192,-200,-182,-182,-189,-147,-213,-189
+125,+146,+154,+150,+147,+138,+154,+121,+154,+138
92.5%,96.9%,95.2%,93.8%,95.2%,93.9%,95.5%,95.4%,93.2%,93.1%
,,,,,,,,,
 10x10bet  , 1xBet  , bet-at-home  , bet365  , Coolbet  , GGBET  , Marathonbet  , Pinnacle  , Unibet  , William Hill  
-172,-123,-152,-175,-143,-133,-133,-137,-167,-143
+123,+110,+123,+125,+114,+102,+108,+112,+125,+104
92.5%,97.2%,95.2%,92.5%,94.9%,94.0%,95.0%,95.5%,93.5%,-
,,,,,,,,,
 10x10bet  , 1xBet  , bet-at-home  , bet365  , Coolbet  , GGBET  , Marathonbet  , Pinnacle  , Unibet  , William Hill  
-175,-167,-192,-200,-182,-182,-189,-147,-213,-189
+125,+146,+154,+150,+147,+138,+154,+121,+154,+138
92.5%,96.9%,95.2%,93.8%,95.2%,93.9%,95.5%,95.4%,93.2%,93.1%
,,,,,,,,,
 10x10bet  , 1xBet  , bet-at-home  , bet365  , Coolbet  , GGBET  , Marathonbet  , Pinnacle  , Unibet  , William Hill  
-172,-123,-152,-175,-143,-133,-133,-137,-167,-143
+123,+110,+123,+125,+114,+102,+108,+112,+125,+104
92.5%,97.2%,95.2%,92.5%,94.9%,94.0%,95.0%,95.5%,93.5%,-
,,,,,,,,,
 10x10bet  , 1xBet  , bet-at-home  , bet365  , Coolbet  , GGBET  , Marathonbet  , Pinnacle  , Unibet  , William Hill  
-345,-345,-323,-333,-312,-357,-303,-303,-286,-303
+225,+294,+245,+240,+240,+252,+231,+237,+200,+225
92.3%,97.2%,94.9%,94.0%,95.1%,93.9%,95.0%,95.4%,93.1%,-
,,,,,,,,,
 10x10bet  , 1xBet  , bet-at-home  , bet365  , Coolbet  , GGBET  , Marathonbet  , Pinnacle  , Unibet  , William Hill  
-175,-167,-192,-200,-182,-182,-189,-147,-213,-189
+125,+146,+154,+150,+147,+138,+154,+121,+154,+138
92.5%,96.9%,95.2%,93.8%,95.2%,93.9%,95.5%,95.4%,93.2%,93.1%
,,,,,,,,,
 10x10bet  , 1xBet  , bet-at-home  , bet365  , Coolbet  , GGBET  , Marathonbet  , Pinnacle  , Unibet  , William Hill  
-172,-123,-152,-175,-143,-133,-133,-137,-167,-143
+123,+110,+123,+125,+114,+102,+108,+112,+125,+104
92.5%,97.2%,95.2%,92.5%,94.9%,94.0%,95.0%,95.5%,93.5%,-
,,,,,,,,,
 10x10bet  , 1xBet  , bet-at-home  , bet365  , Coolbet  , GGBET  , Marathonbet  , Pinnacle  , Unibet  , William Hill  
-345,-345,-323,-333,-312,-357,-303,-303,-286,-303
+225,+294,+245,+240,+240,+252,+231,+237,+200,+225
92.3%,97.2%,94.9%,94.0%,95.1%,93.9%,95.0%,95.4%,93.1%,-
,,,,,,,,,
 10x10bet  , 1xBet  , bet-at-home  , bet365  , Coolbet  , GGBET  , Marathonbet  , Pinnacle  , Unibet  , William Hill  
-233,-200,-196,-227,-192,-222,-233,-213,-213,-200
+162,+175,+154,+162,+154,+166,+183,+171,+154,+150
92.5%,97.1%,94.8%,92.9%,95.2%,93.8%,95.0%,95.3%,93.2%,93.8%
,,,,,,,,,
